{
  "project_info": {
    "project_number": "77793136393",
    "firebase_url": "https://prolife-6c051.firebaseio.com",
    "project_id": "prolife-6c051",
    "storage_bucket": "prolife-6c051.appspot.com"
  },
  "client": [
    {
      "client_info": {
        "mobilesdk_app_id": "1:77793136393:android:b4bc4c88217038ef",
        "android_client_info": {
          "package_name": "com.example.muzammil.prolife"
        }
      },
      "oauth_client": [
        {
          "client_id": "77793136393-gorieiib67l6l0983aicca3oaukls76i.apps.googleusercontent.com",
          "client_type": 1,
          "android_info": {
            "package_name": "com.example.muzammil.prolife",
            "certificate_hash": "1b935b7e9e649777ac20ed495d308e9fa6f61113"
          }
        },
        {
          "client_id": "77793136393-ekd2ls6fhicn18td7n51nns08rqnq89u.apps.googleusercontent.com",
          "client_type": 3
        }
      ],
      "api_key": [
        {
          "current_key": "AIzaSyAeuE-QpbhOGgWd6Zg1JUQuWTwP9LnfIWI"
        }
      ],
      "services": {
        "analytics_service": {
          "status": 1
        },
        "appinvite_service": {
          "status": 2,
          "other_platform_oauth_client": [
            {
              "client_id": "77793136393-ekd2ls6fhicn18td7n51nns08rqnq89u.apps.googleusercontent.com",
              "client_type": 3
            }
          ]
        },
        "ads_service": {
          "status": 2
        }
      }
    }
  ],
  "configuration_version": "1"
}